{
  "version": 1,
  "author": "LETÍCIA ROBERTA OLIVEIRA SOUTO",
  "editor": "wokwi",
  "parts": [
    { "type": "wokwi-breadboard", "id": "bb1", "top": -118.2, "left": -294.8, "attrs": {} },
    {
      "type": "wokwi-pi-pico",
      "id": "pico",
      "top": -114.5,
      "left": 190.05,
      "rotate": 90,
      "attrs": { "env": "micropython-20241129-v1.24.1" }
    },
    {
      "type": "wokwi-pir-motion-sensor",
      "id": "pir1",
      "top": -159.2,
      "left": -276.18,
      "attrs": {}
    },
    {
      "type": "wokwi-relay-module",
      "id": "relay1",
      "top": 73.4,
      "left": -237.2,
      "rotate": 90,
      "attrs": {}
    },
    {
      "type": "wokwi-led",
      "id": "led1",
      "top": -109.2,
      "left": -159.4,
      "attrs": { "color": "blue" }
    },
    {
      "type": "wokwi-resistor",
      "id": "r1",
      "top": -33.6,
      "left": -163.75,
      "rotate": 90,
      "attrs": { "value": "220" }
    }
  ],
  "connections": [
    [ "pico:GP0", "bb1:62t.c", "", [ "$bb" ] ],
    [ "pico:GP1", "bb1:61t.c", "", [ "$bb" ] ],
    [ "pico:GND.1", "bb1:60t.c", "", [ "$bb" ] ],
    [ "pico:GP2", "bb1:59t.c", "", [ "$bb" ] ],
    [ "pico:GP3", "bb1:58t.c", "", [ "$bb" ] ],
    [ "pico:GP4", "bb1:57t.c", "", [ "$bb" ] ],
    [ "pico:GP5", "bb1:56t.c", "", [ "$bb" ] ],
    [ "pico:GND.2", "bb1:55t.c", "", [ "$bb" ] ],
    [ "pico:GP6", "bb1:54t.c", "", [ "$bb" ] ],
    [ "pico:GP7", "bb1:53t.c", "", [ "$bb" ] ],
    [ "pico:GP8", "bb1:52t.c", "", [ "$bb" ] ],
    [ "pico:GP9", "bb1:51t.c", "", [ "$bb" ] ],
    [ "pico:GND.3", "bb1:50t.c", "", [ "$bb" ] ],
    [ "pico:GP10", "bb1:49t.c", "", [ "$bb" ] ],
    [ "pico:GP11", "bb1:48t.c", "", [ "$bb" ] ],
    [ "pico:GP12", "bb1:47t.c", "", [ "$bb" ] ],
    [ "pico:GP13", "bb1:46t.c", "", [ "$bb" ] ],
    [ "pico:GND.4", "bb1:45t.c", "", [ "$bb" ] ],
    [ "pico:GP14", "bb1:44t.c", "", [ "$bb" ] ],
    [ "pico:GP15", "bb1:43t.c", "", [ "$bb" ] ],
    [ "pico:GP16", "bb1:43b.h", "", [ "$bb" ] ],
    [ "pico:GP17", "bb1:44b.h", "", [ "$bb" ] ],
    [ "pico:GND.5", "bb1:45b.h", "", [ "$bb" ] ],
    [ "pico:GP18", "bb1:46b.h", "", [ "$bb" ] ],
    [ "pico:GP19", "bb1:47b.h", "", [ "$bb" ] ],
    [ "pico:GP20", "bb1:48b.h", "", [ "$bb" ] ],
    [ "pico:GP21", "bb1:49b.h", "", [ "$bb" ] ],
    [ "pico:GND.6", "bb1:50b.h", "", [ "$bb" ] ],
    [ "pico:GP22", "bb1:51b.h", "", [ "$bb" ] ],
    [ "pico:RUN", "bb1:52b.h", "", [ "$bb" ] ],
    [ "pico:GP26", "bb1:53b.h", "", [ "$bb" ] ],
    [ "pico:GP27", "bb1:54b.h", "", [ "$bb" ] ],
    [ "pico:GND.7", "bb1:55b.h", "", [ "$bb" ] ],
    [ "pico:GP28", "bb1:56b.h", "", [ "$bb" ] ],
    [ "pico:ADC_VREF", "bb1:57b.h", "", [ "$bb" ] ],
    [ "pico:3V3", "bb1:58b.h", "", [ "$bb" ] ],
    [ "pico:3V3_EN", "bb1:59b.h", "", [ "$bb" ] ],
    [ "pico:GND.8", "bb1:60b.h", "", [ "$bb" ] ],
    [ "pico:VSYS", "bb1:61b.h", "", [ "$bb" ] ],
    [ "pico:VBUS", "bb1:62b.h", "", [ "$bb" ] ],
    [ "bb1:60b.j", "bb1:bn.49", "black", [ "v38.4" ] ],
    [ "pir1:VCC", "bb1:4t.a", "", [ "$bb" ] ],
    [ "pir1:OUT", "bb1:5t.a", "", [ "$bb" ] ],
    [ "pir1:GND", "bb1:6t.a", "", [ "$bb" ] ],
    [ "bb1:58b.j", "bb1:bp.47", "red", [ "v0" ] ],
    [ "bb1:4t.e", "bb1:bp.2", "red", [ "v0" ] ],
    [ "bb1:6t.e", "bb1:bn.4", "black", [ "v0" ] ],
    [ "bb1:5t.b", "bb1:43t.b", "magenta", [ "v19.2", "h355.2", "v-19.2" ] ],
    [ "led1:A", "bb1:15t.a", "", [ "$bb" ] ],
    [ "led1:C", "bb1:14t.a", "", [ "$bb" ] ],
    [ "bb1:60t.a", "bb1:tn.49", "black", [ "v0" ] ],
    [ "bb1:14t.b", "bb1:tn.10", "black", [ "h-9.6", "v-38.3" ] ],
    [ "r1:1", "bb1:15t.b", "", [ "$bb" ] ],
    [ "r1:2", "bb1:15b.f", "", [ "$bb" ] ],
    [ "relay1:VCC", "bb1:12b.j", "", [ "$bb" ] ],
    [ "relay1:GND", "bb1:11b.j", "", [ "$bb" ] ],
    [ "relay1:IN", "bb1:10b.j", "", [ "$bb" ] ],
    [ "bb1:15b.g", "relay1:COM", "blue", [ "v163.2", "h-39.8" ] ],
    [ "bb1:12b.i", "bb1:bp.12", "red", [ "h38.4", "v39.3" ] ],
    [ "bb1:11b.i", "bb1:bn.13", "black", [ "v-9.6", "h57.6", "v58.9" ] ],
    [ "bb1:10b.h", "bb1:43b.i", "yellow", [ "v-9.6", "h307.2", "v19.2" ] ],
    [ "relay1:NO", "pico:VBUS", "cyan", [ "v30", "h59.4", "v-86.4", "h441.6" ] ]
  ],
  "dependencies": {}
}