{
  "version": 1,
  "author": "LETÍCIA ROBERTA OLIVEIRA SOUTO",
  "editor": "wokwi",
  "parts": [
    {
      "type": "wokwi-breadboard",
      "id": "bb1",
      "top": -70.2,
      "left": -198.8,
      "rotate": 90,
      "attrs": {}
    },
    {
      "type": "wokwi-pi-pico",
      "id": "pico",
      "top": -79.95,
      "left": 99.6,
      "attrs": { "env": "micropython-20241129-v1.24.1" }
    },
    {
      "type": "wokwi-lcd1602",
      "id": "lcd1",
      "top": 198.4,
      "left": 168.8,
      "attrs": { "pins": "i2c" }
    }
  ],
  "connections": [
    [ "pico:GP0", "bb1:22b.g", "", [ "$bb" ] ],
    [ "pico:GP1", "bb1:23b.g", "", [ "$bb" ] ],
    [ "pico:GND.1", "bb1:24b.g", "", [ "$bb" ] ],
    [ "pico:GP2", "bb1:25b.g", "", [ "$bb" ] ],
    [ "pico:GP3", "bb1:26b.g", "", [ "$bb" ] ],
    [ "pico:GP4", "bb1:27b.g", "", [ "$bb" ] ],
    [ "pico:GP5", "bb1:28b.g", "", [ "$bb" ] ],
    [ "pico:GND.2", "bb1:29b.g", "", [ "$bb" ] ],
    [ "pico:GP6", "bb1:30b.g", "", [ "$bb" ] ],
    [ "pico:GP7", "bb1:31b.g", "", [ "$bb" ] ],
    [ "pico:GP8", "bb1:32b.g", "", [ "$bb" ] ],
    [ "pico:GP9", "bb1:33b.g", "", [ "$bb" ] ],
    [ "pico:GND.3", "bb1:34b.g", "", [ "$bb" ] ],
    [ "pico:GP10", "bb1:35b.g", "", [ "$bb" ] ],
    [ "pico:GP11", "bb1:36b.g", "", [ "$bb" ] ],
    [ "pico:GP12", "bb1:37b.g", "", [ "$bb" ] ],
    [ "pico:GP13", "bb1:38b.g", "", [ "$bb" ] ],
    [ "pico:GND.4", "bb1:39b.g", "", [ "$bb" ] ],
    [ "pico:GP14", "bb1:40b.g", "", [ "$bb" ] ],
    [ "pico:GP15", "bb1:41b.g", "", [ "$bb" ] ],
    [ "pico:GP16", "bb1:41t.b", "", [ "$bb" ] ],
    [ "pico:GP17", "bb1:40t.b", "", [ "$bb" ] ],
    [ "pico:GND.5", "bb1:39t.b", "", [ "$bb" ] ],
    [ "pico:GP18", "bb1:38t.b", "", [ "$bb" ] ],
    [ "pico:GP19", "bb1:37t.b", "", [ "$bb" ] ],
    [ "pico:GP20", "bb1:36t.b", "", [ "$bb" ] ],
    [ "pico:GP21", "bb1:35t.b", "", [ "$bb" ] ],
    [ "pico:GND.6", "bb1:34t.b", "", [ "$bb" ] ],
    [ "pico:GP22", "bb1:33t.b", "", [ "$bb" ] ],
    [ "pico:RUN", "bb1:32t.b", "", [ "$bb" ] ],
    [ "pico:GP26", "bb1:31t.b", "", [ "$bb" ] ],
    [ "pico:GP27", "bb1:30t.b", "", [ "$bb" ] ],
    [ "pico:GND.7", "bb1:29t.b", "", [ "$bb" ] ],
    [ "pico:GP28", "bb1:28t.b", "", [ "$bb" ] ],
    [ "pico:ADC_VREF", "bb1:27t.b", "", [ "$bb" ] ],
    [ "pico:3V3", "bb1:26t.b", "", [ "$bb" ] ],
    [ "pico:3V3_EN", "bb1:25t.b", "", [ "$bb" ] ],
    [ "pico:GND.8", "bb1:24t.b", "", [ "$bb" ] ],
    [ "pico:VSYS", "bb1:23t.b", "", [ "$bb" ] ],
    [ "pico:VBUS", "bb1:22t.b", "", [ "$bb" ] ],
    [ "bb1:25t.a", "bb1:bp.20", "red", [ "v-49.6", "h-135.3" ] ],
    [ "bb1:39b.j", "bb1:bn.31", "black", [ "h0" ] ],
    [ "bb1:53t.e", "bb1:bn.43", "black", [ "h0" ] ],
    [ "bb1:54t.e", "bb1:bp.44", "red", [ "h0" ] ],
    [ "bb1:55t.d", "bb1:40t.a", "blue", [ "h1.2", "v-97.6", "h27.6" ] ],
    [ "bb1:56t.c", "bb1:41t.a", "purple", [ "v-68.8", "h30", "v-75.2" ] ],
    [ "lcd1:GND", "bb1:53t.b", "", [ "$bb" ] ],
    [ "lcd1:VCC", "bb1:54t.b", "", [ "$bb" ] ],
    [ "lcd1:SDA", "bb1:55t.b", "", [ "$bb" ] ],
    [ "lcd1:SCL", "bb1:56t.b", "", [ "$bb" ] ]
  ],
  "dependencies": {}
}