{
  "version": 1,
  "author": "LETÍCIA ROBERTA OLIVEIRA SOUTO",
  "editor": "wokwi",
  "parts": [
    { "type": "wokwi-breadboard", "id": "bb1", "top": -70.2, "left": -112.4, "attrs": {} },
    {
      "type": "wokwi-pi-pico",
      "id": "pico",
      "top": -66.5,
      "left": 343.65,
      "rotate": 90,
      "attrs": { "env": "micropython-20241129-v1.24.1" }
    },
    {
      "type": "wokwi-led",
      "id": "led1",
      "top": -61.2,
      "left": 157.4,
      "attrs": { "color": "orange" }
    },
    {
      "type": "wokwi-resistor",
      "id": "r1",
      "top": -15.25,
      "left": -9.6,
      "attrs": { "value": "220" }
    },
    {
      "type": "wokwi-resistor",
      "id": "r2",
      "top": -15.25,
      "left": 182.4,
      "attrs": { "value": "220" }
    },
    {
      "type": "wokwi-buzzer",
      "id": "bz1",
      "top": -103.2,
      "left": -46.2,
      "attrs": { "volume": "0.1" }
    },
    {
      "type": "wokwi-gas-sensor",
      "id": "gas1",
      "top": 123.4,
      "left": -63.1,
      "rotate": 270,
      "attrs": {}
    }
  ],
  "connections": [
    [ "bb1:57t.a", "bb1:tn.46", "black", [ "v0" ] ],
    [ "bb1:57b.j", "bb1:bn.46", "black", [ "v0" ] ],
    [ "bb1:28t.b", "bb1:tn.20", "black", [ "h-19.2", "v-38.3" ] ],
    [ "bb1:35t.a", "bb1:41t.a", "orange", [ "v0" ] ],
    [ "bb1:8t.b", "bb1:tn.2", "black", [ "h-38.4", "v-38.3" ] ],
    [ "bb1:15t.d", "bb1:40t.b", "magenta", [ "h230.4", "v-19.2" ] ],
    [ "bb1:55b.j", "bb1:bp.45", "red", [ "v0" ] ],
    [ "bb1:12b.i", "bb1:bp.11", "red", [ "h28.8", "v39.3" ] ],
    [ "bb1:11b.h", "bb1:bn.13", "black", [ "h57.6", "v58.9" ] ],
    [ "pico:GP0", "bb1:59t.c", "", [ "$bb" ] ],
    [ "pico:GP1", "bb1:58t.c", "", [ "$bb" ] ],
    [ "pico:GND.1", "bb1:57t.c", "", [ "$bb" ] ],
    [ "pico:GP2", "bb1:56t.c", "", [ "$bb" ] ],
    [ "pico:GP3", "bb1:55t.c", "", [ "$bb" ] ],
    [ "pico:GP4", "bb1:54t.c", "", [ "$bb" ] ],
    [ "pico:GP5", "bb1:53t.c", "", [ "$bb" ] ],
    [ "pico:GND.2", "bb1:52t.c", "", [ "$bb" ] ],
    [ "pico:GP6", "bb1:51t.c", "", [ "$bb" ] ],
    [ "pico:GP7", "bb1:50t.c", "", [ "$bb" ] ],
    [ "pico:GP8", "bb1:49t.c", "", [ "$bb" ] ],
    [ "pico:GP9", "bb1:48t.c", "", [ "$bb" ] ],
    [ "pico:GND.3", "bb1:47t.c", "", [ "$bb" ] ],
    [ "pico:GP10", "bb1:46t.c", "", [ "$bb" ] ],
    [ "pico:GP11", "bb1:45t.c", "", [ "$bb" ] ],
    [ "pico:GP12", "bb1:44t.c", "", [ "$bb" ] ],
    [ "pico:GP13", "bb1:43t.c", "", [ "$bb" ] ],
    [ "pico:GND.4", "bb1:42t.c", "", [ "$bb" ] ],
    [ "pico:GP14", "bb1:41t.c", "", [ "$bb" ] ],
    [ "pico:GP15", "bb1:40t.c", "", [ "$bb" ] ],
    [ "pico:GP16", "bb1:40b.h", "", [ "$bb" ] ],
    [ "pico:GP17", "bb1:41b.h", "", [ "$bb" ] ],
    [ "pico:GND.5", "bb1:42b.h", "", [ "$bb" ] ],
    [ "pico:GP18", "bb1:43b.h", "", [ "$bb" ] ],
    [ "pico:GP19", "bb1:44b.h", "", [ "$bb" ] ],
    [ "pico:GP20", "bb1:45b.h", "", [ "$bb" ] ],
    [ "pico:GP21", "bb1:46b.h", "", [ "$bb" ] ],
    [ "pico:GND.6", "bb1:47b.h", "", [ "$bb" ] ],
    [ "pico:GP22", "bb1:48b.h", "", [ "$bb" ] ],
    [ "pico:RUN", "bb1:49b.h", "", [ "$bb" ] ],
    [ "pico:GP26", "bb1:50b.h", "", [ "$bb" ] ],
    [ "pico:GP27", "bb1:51b.h", "", [ "$bb" ] ],
    [ "pico:GND.7", "bb1:52b.h", "", [ "$bb" ] ],
    [ "pico:GP28", "bb1:53b.h", "", [ "$bb" ] ],
    [ "pico:ADC_VREF", "bb1:54b.h", "", [ "$bb" ] ],
    [ "pico:3V3", "bb1:55b.h", "", [ "$bb" ] ],
    [ "pico:3V3_EN", "bb1:56b.h", "", [ "$bb" ] ],
    [ "pico:GND.8", "bb1:57b.h", "", [ "$bb" ] ],
    [ "pico:VSYS", "bb1:58b.h", "", [ "$bb" ] ],
    [ "pico:VBUS", "bb1:59b.h", "", [ "$bb" ] ],
    [ "led1:A", "bb1:29t.a", "", [ "$bb" ] ],
    [ "led1:C", "bb1:28t.a", "", [ "$bb" ] ],
    [ "r1:1", "bb1:9t.b", "", [ "$bb" ] ],
    [ "r1:2", "bb1:15t.b", "", [ "$bb" ] ],
    [ "r2:1", "bb1:29t.b", "", [ "$bb" ] ],
    [ "r2:2", "bb1:35t.b", "", [ "$bb" ] ],
    [ "bz1:1", "bb1:8t.a", "", [ "$bb" ] ],
    [ "bz1:2", "bb1:9t.a", "", [ "$bb" ] ],
    [ "gas1:AOUT", "bb1:9b.j", "", [ "$bb" ] ],
    [ "gas1:DOUT", "bb1:10b.j", "", [ "$bb" ] ],
    [ "gas1:GND", "bb1:11b.j", "", [ "$bb" ] ],
    [ "gas1:VCC", "bb1:12b.j", "", [ "$bb" ] ],
    [ "bb1:9b.g", "bb1:50b.i", "green", [ "h288", "v19.2" ] ]
  ],
  "dependencies": {}
}