{
  "version": 1,
  "author": "LETÍCIA ROBERTA OLIVEIRA SOUTO",
  "editor": "wokwi",
  "parts": [
    { "type": "wokwi-breadboard", "id": "bb1", "top": -70.2, "left": -198.8, "attrs": {} },
    {
      "type": "wokwi-pi-pico",
      "id": "pico",
      "top": -66.5,
      "left": -11.55,
      "rotate": 90,
      "attrs": { "env": "micropython-20241129-v1.24.1" }
    },
    {
      "type": "wokwi-dht22",
      "id": "dht1",
      "top": -134.1,
      "left": -178.2,
      "attrs": { "temperature": "35", "humidity": "63" }
    },
    {
      "type": "wokwi-resistor",
      "id": "r1",
      "top": 24,
      "left": -182.95,
      "rotate": 90,
      "attrs": { "value": "10000" }
    },
    {
      "type": "wokwi-led",
      "id": "led1",
      "top": -32.4,
      "left": -121,
      "attrs": { "color": "blue" }
    },
    {
      "type": "wokwi-resistor",
      "id": "r2",
      "top": 41.8,
      "left": -125.65,
      "rotate": 270,
      "attrs": { "value": "220" }
    }
  ],
  "connections": [
    [ "bb1:28b.i", "bb1:bp.22", "red", [ "v0" ] ],
    [ "bb1:29b.i", "bb1:bn.23", "black", [ "v0" ] ],
    [ "bb1:2t.e", "bb1:bp.1", "red", [ "v0" ] ],
    [ "bb1:5t.e", "bb1:bn.3", "black", [ "v0" ] ],
    [ "bb1:12t.b", "bb1:3t.b", "yellow", [ "v0" ] ],
    [ "bb1:3b.h", "bb1:bp.5", "purple", [ "v19.2", "h38.4", "v29.7" ] ],
    [ "bb1:15b.j", "bb1:9b.j", "blue", [ "v0" ] ],
    [ "bb1:8t.e", "bb1:bn.6", "black", [ "v0" ] ],
    [ "dht1:VCC", "bb1:2t.a", "", [ "$bb" ] ],
    [ "dht1:SDA", "bb1:3t.a", "", [ "$bb" ] ],
    [ "dht1:NC", "bb1:4t.a", "", [ "$bb" ] ],
    [ "dht1:GND", "bb1:5t.a", "", [ "$bb" ] ],
    [ "pico:GP0", "bb1:31t.c", "", [ "$bb" ] ],
    [ "pico:GP1", "bb1:30t.c", "", [ "$bb" ] ],
    [ "pico:GND.1", "bb1:29t.c", "", [ "$bb" ] ],
    [ "pico:GP2", "bb1:28t.c", "", [ "$bb" ] ],
    [ "pico:GP3", "bb1:27t.c", "", [ "$bb" ] ],
    [ "pico:GP4", "bb1:26t.c", "", [ "$bb" ] ],
    [ "pico:GP5", "bb1:25t.c", "", [ "$bb" ] ],
    [ "pico:GND.2", "bb1:24t.c", "", [ "$bb" ] ],
    [ "pico:GP6", "bb1:23t.c", "", [ "$bb" ] ],
    [ "pico:GP7", "bb1:22t.c", "", [ "$bb" ] ],
    [ "pico:GP8", "bb1:21t.c", "", [ "$bb" ] ],
    [ "pico:GP9", "bb1:20t.c", "", [ "$bb" ] ],
    [ "pico:GND.3", "bb1:19t.c", "", [ "$bb" ] ],
    [ "pico:GP10", "bb1:18t.c", "", [ "$bb" ] ],
    [ "pico:GP11", "bb1:17t.c", "", [ "$bb" ] ],
    [ "pico:GP12", "bb1:16t.c", "", [ "$bb" ] ],
    [ "pico:GP13", "bb1:15t.c", "", [ "$bb" ] ],
    [ "pico:GND.4", "bb1:14t.c", "", [ "$bb" ] ],
    [ "pico:GP14", "bb1:13t.c", "", [ "$bb" ] ],
    [ "pico:GP15", "bb1:12t.c", "", [ "$bb" ] ],
    [ "pico:GP16", "bb1:12b.h", "", [ "$bb" ] ],
    [ "pico:GP17", "bb1:13b.h", "", [ "$bb" ] ],
    [ "pico:GND.5", "bb1:14b.h", "", [ "$bb" ] ],
    [ "pico:GP18", "bb1:15b.h", "", [ "$bb" ] ],
    [ "pico:GP19", "bb1:16b.h", "", [ "$bb" ] ],
    [ "pico:GP20", "bb1:17b.h", "", [ "$bb" ] ],
    [ "pico:GP21", "bb1:18b.h", "", [ "$bb" ] ],
    [ "pico:GND.6", "bb1:19b.h", "", [ "$bb" ] ],
    [ "pico:GP22", "bb1:20b.h", "", [ "$bb" ] ],
    [ "pico:RUN", "bb1:21b.h", "", [ "$bb" ] ],
    [ "pico:GP26", "bb1:22b.h", "", [ "$bb" ] ],
    [ "pico:GP27", "bb1:23b.h", "", [ "$bb" ] ],
    [ "pico:GND.7", "bb1:24b.h", "", [ "$bb" ] ],
    [ "pico:GP28", "bb1:25b.h", "", [ "$bb" ] ],
    [ "pico:ADC_VREF", "bb1:26b.h", "", [ "$bb" ] ],
    [ "pico:3V3", "bb1:27b.h", "", [ "$bb" ] ],
    [ "pico:3V3_EN", "bb1:28b.h", "", [ "$bb" ] ],
    [ "pico:GND.8", "bb1:29b.h", "", [ "$bb" ] ],
    [ "pico:VSYS", "bb1:30b.h", "", [ "$bb" ] ],
    [ "pico:VBUS", "bb1:31b.h", "", [ "$bb" ] ],
    [ "led1:A", "bb1:9t.d", "", [ "$bb" ] ],
    [ "led1:C", "bb1:8t.d", "", [ "$bb" ] ],
    [ "r2:1", "bb1:9b.i", "", [ "$bb" ] ],
    [ "r2:2", "bb1:9t.e", "", [ "$bb" ] ],
    [ "r1:1", "bb1:3t.c", "", [ "$bb" ] ],
    [ "r1:2", "bb1:3b.g", "", [ "$bb" ] ]
  ],
  "dependencies": {}
}