{
  "version": 1,
  "author": "LETÍCIA ROBERTA OLIVEIRA SOUTO",
  "editor": "wokwi",
  "parts": [
    { "type": "wokwi-breadboard", "id": "bb1", "top": -51, "left": -131.6, "attrs": {} },
    {
      "type": "wokwi-pi-pico",
      "id": "pico",
      "top": -47.3,
      "left": 353.25,
      "rotate": 90,
      "attrs": { "env": "micropython-20241129-v1.24.1" }
    },
    {
      "type": "wokwi-hc-sr04",
      "id": "ultrasonic1",
      "top": -94.5,
      "left": -148.1,
      "attrs": { "distance": "400" }
    },
    {
      "type": "wokwi-buzzer",
      "id": "bz1",
      "top": -84,
      "left": 88.2,
      "attrs": { "volume": "0.1" }
    },
    {
      "type": "wokwi-resistor",
      "id": "r1",
      "top": 62.4,
      "left": 95.45,
      "rotate": 90,
      "attrs": { "value": "330" }
    },
    {
      "type": "wokwi-resistor",
      "id": "r2",
      "top": 13.55,
      "left": -19.2,
      "attrs": { "value": "1000" }
    },
    {
      "type": "wokwi-resistor",
      "id": "r3",
      "top": -5.65,
      "left": 38.4,
      "attrs": { "value": "2000" }
    }
  ],
  "connections": [
    [ "bb1:60b.j", "bb1:bn.49", "black", [ "v0" ] ],
    [ "pico:GP0", "bb1:62t.c", "", [ "$bb" ] ],
    [ "pico:GP1", "bb1:61t.c", "", [ "$bb" ] ],
    [ "pico:GND.1", "bb1:60t.c", "", [ "$bb" ] ],
    [ "pico:GP2", "bb1:59t.c", "", [ "$bb" ] ],
    [ "pico:GP3", "bb1:58t.c", "", [ "$bb" ] ],
    [ "pico:GP4", "bb1:57t.c", "", [ "$bb" ] ],
    [ "pico:GP5", "bb1:56t.c", "", [ "$bb" ] ],
    [ "pico:GND.2", "bb1:55t.c", "", [ "$bb" ] ],
    [ "pico:GP6", "bb1:54t.c", "", [ "$bb" ] ],
    [ "pico:GP7", "bb1:53t.c", "", [ "$bb" ] ],
    [ "pico:GP8", "bb1:52t.c", "", [ "$bb" ] ],
    [ "pico:GP9", "bb1:51t.c", "", [ "$bb" ] ],
    [ "pico:GND.3", "bb1:50t.c", "", [ "$bb" ] ],
    [ "pico:GP10", "bb1:49t.c", "", [ "$bb" ] ],
    [ "pico:GP11", "bb1:48t.c", "", [ "$bb" ] ],
    [ "pico:GP12", "bb1:47t.c", "", [ "$bb" ] ],
    [ "pico:GP13", "bb1:46t.c", "", [ "$bb" ] ],
    [ "pico:GND.4", "bb1:45t.c", "", [ "$bb" ] ],
    [ "pico:GP14", "bb1:44t.c", "", [ "$bb" ] ],
    [ "pico:GP15", "bb1:43t.c", "", [ "$bb" ] ],
    [ "pico:GP16", "bb1:43b.h", "", [ "$bb" ] ],
    [ "pico:GP17", "bb1:44b.h", "", [ "$bb" ] ],
    [ "pico:GND.5", "bb1:45b.h", "", [ "$bb" ] ],
    [ "pico:GP18", "bb1:46b.h", "", [ "$bb" ] ],
    [ "pico:GP19", "bb1:47b.h", "", [ "$bb" ] ],
    [ "pico:GP20", "bb1:48b.h", "", [ "$bb" ] ],
    [ "pico:GP21", "bb1:49b.h", "", [ "$bb" ] ],
    [ "pico:GND.6", "bb1:50b.h", "", [ "$bb" ] ],
    [ "pico:GP22", "bb1:51b.h", "", [ "$bb" ] ],
    [ "pico:RUN", "bb1:52b.h", "", [ "$bb" ] ],
    [ "pico:GP26", "bb1:53b.h", "", [ "$bb" ] ],
    [ "pico:GP27", "bb1:54b.h", "", [ "$bb" ] ],
    [ "pico:GND.7", "bb1:55b.h", "", [ "$bb" ] ],
    [ "pico:GP28", "bb1:56b.h", "", [ "$bb" ] ],
    [ "pico:ADC_VREF", "bb1:57b.h", "", [ "$bb" ] ],
    [ "pico:3V3", "bb1:58b.h", "", [ "$bb" ] ],
    [ "pico:3V3_EN", "bb1:59b.h", "", [ "$bb" ] ],
    [ "pico:GND.8", "bb1:60b.h", "", [ "$bb" ] ],
    [ "pico:VSYS", "bb1:61b.h", "", [ "$bb" ] ],
    [ "pico:VBUS", "bb1:62b.h", "", [ "$bb" ] ],
    [ "bb1:4t.e", "bb1:bp.2", "red", [ "v0" ] ],
    [ "bb1:7t.e", "bb1:bn.5", "black", [ "v0" ] ],
    [ "bz1:1", "bb1:24t.a", "", [ "$bb" ] ],
    [ "bz1:2", "bb1:25t.a", "", [ "$bb" ] ],
    [ "r1:1", "bb1:25t.e", "", [ "$bb" ] ],
    [ "r1:2", "bb1:25b.i", "", [ "$bb" ] ],
    [ "bb1:24t.e", "bb1:bn.19", "black", [ "v0" ] ],
    [ "bb1:25b.j", "bb1:43b.j", "purple", [ "v0" ] ],
    [ "bb1:6t.b", "bb1:10t.b", "green", [ "v0" ] ],
    [ "bb1:5t.d", "bb1:47t.b", "cyan", [ "h355.2", "v-28.8", "h48" ] ],
    [ "r2:1", "bb1:10t.c", "", [ "$bb" ] ],
    [ "r2:2", "bb1:16t.c", "", [ "$bb" ] ],
    [ "r3:1", "bb1:16t.a", "", [ "$bb" ] ],
    [ "r3:2", "bb1:22t.a", "", [ "$bb" ] ],
    [ "bb1:16t.b", "bb1:44t.b", "yellow", [ "v0" ] ],
    [ "bb1:22t.e", "bb1:bn.17", "black", [ "v0" ] ],
    [ "bb1:58b.j", "bb1:bp.47", "red", [ "v0" ] ],
    [ "ultrasonic1:VCC", "bb1:4t.a", "", [ "$bb" ] ],
    [ "ultrasonic1:TRIG", "bb1:5t.a", "", [ "$bb" ] ],
    [ "ultrasonic1:ECHO", "bb1:6t.a", "", [ "$bb" ] ],
    [ "ultrasonic1:GND", "bb1:7t.a", "", [ "$bb" ] ]
  ],
  "dependencies": {}
}