{
  "version": 1,
  "author": "PAULA SBRISSA GIANOTTO",
  "editor": "wokwi",
  "parts": [
    { "type": "wokwi-breadboard", "id": "bb1", "top": -99, "left": -458, "attrs": {} },
    {
      "type": "wokwi-pi-pico",
      "id": "pico",
      "top": -95.3,
      "left": 36.45,
      "rotate": 90,
      "attrs": { "env": "micropython-20241129-v1.24.1" }
    },
    { "type": "wokwi-led", "id": "led1", "top": -90, "left": -437.8, "attrs": { "color": "red" } },
    {
      "type": "wokwi-resistor",
      "id": "r1",
      "top": -14.4,
      "left": -442.15,
      "rotate": 90,
      "attrs": { "value": "220000" }
    },
    {
      "type": "wokwi-buzzer",
      "id": "bz1",
      "top": -132,
      "left": -343.8,
      "attrs": { "volume": "0.1" }
    },
    {
      "type": "wokwi-resistor",
      "id": "r2",
      "top": -14.4,
      "left": -336.55,
      "rotate": 90,
      "attrs": { "value": "1000" }
    },
    {
      "type": "wokwi-gas-sensor",
      "id": "gas1",
      "top": -148,
      "left": -265.9,
      "rotate": 90,
      "attrs": {}
    }
  ],
  "connections": [
    [ "bb1:61t.a", "bb1:tn.50", "black", [ "v0" ] ],
    [ "bb1:2t.b", "bb1:tn.1", "black", [ "h-28.8", "v-38.4", "h39.2" ] ],
    [ "bb1:3b.g", "bb1:44t.a", "green", [ "v-192", "h393.6" ] ],
    [ "bb1:13t.b", "bb1:tn.5", "black", [ "h-38.4", "v-38.3" ] ],
    [ "bb1:14b.g", "bb1:44b.i", "green", [ "v0" ] ],
    [ "bb1:59b.j", "bb1:bp.48", "red", [ "v0" ] ],
    [ "pico:GP0", "bb1:63t.c", "", [ "$bb" ] ],
    [ "pico:GP1", "bb1:62t.c", "", [ "$bb" ] ],
    [ "pico:GND.1", "bb1:61t.c", "", [ "$bb" ] ],
    [ "pico:GP2", "bb1:60t.c", "", [ "$bb" ] ],
    [ "pico:GP3", "bb1:59t.c", "", [ "$bb" ] ],
    [ "pico:GP4", "bb1:58t.c", "", [ "$bb" ] ],
    [ "pico:GP5", "bb1:57t.c", "", [ "$bb" ] ],
    [ "pico:GND.2", "bb1:56t.c", "", [ "$bb" ] ],
    [ "pico:GP6", "bb1:55t.c", "", [ "$bb" ] ],
    [ "pico:GP7", "bb1:54t.c", "", [ "$bb" ] ],
    [ "pico:GP8", "bb1:53t.c", "", [ "$bb" ] ],
    [ "pico:GP9", "bb1:52t.c", "", [ "$bb" ] ],
    [ "pico:GND.3", "bb1:51t.c", "", [ "$bb" ] ],
    [ "pico:GP10", "bb1:50t.c", "", [ "$bb" ] ],
    [ "pico:GP11", "bb1:49t.c", "", [ "$bb" ] ],
    [ "pico:GP12", "bb1:48t.c", "", [ "$bb" ] ],
    [ "pico:GP13", "bb1:47t.c", "", [ "$bb" ] ],
    [ "pico:GND.4", "bb1:46t.c", "", [ "$bb" ] ],
    [ "pico:GP14", "bb1:45t.c", "", [ "$bb" ] ],
    [ "pico:GP15", "bb1:44t.c", "", [ "$bb" ] ],
    [ "pico:GP16", "bb1:44b.h", "", [ "$bb" ] ],
    [ "pico:GP17", "bb1:45b.h", "", [ "$bb" ] ],
    [ "pico:GND.5", "bb1:46b.h", "", [ "$bb" ] ],
    [ "pico:GP18", "bb1:47b.h", "", [ "$bb" ] ],
    [ "pico:GP19", "bb1:48b.h", "", [ "$bb" ] ],
    [ "pico:GP20", "bb1:49b.h", "", [ "$bb" ] ],
    [ "pico:GP21", "bb1:50b.h", "", [ "$bb" ] ],
    [ "pico:GND.6", "bb1:51b.h", "", [ "$bb" ] ],
    [ "pico:GP22", "bb1:52b.h", "", [ "$bb" ] ],
    [ "pico:RUN", "bb1:53b.h", "", [ "$bb" ] ],
    [ "pico:GP26", "bb1:54b.h", "", [ "$bb" ] ],
    [ "pico:GP27", "bb1:55b.h", "", [ "$bb" ] ],
    [ "pico:GND.7", "bb1:56b.h", "", [ "$bb" ] ],
    [ "pico:GP28", "bb1:57b.h", "", [ "$bb" ] ],
    [ "pico:ADC_VREF", "bb1:58b.h", "", [ "$bb" ] ],
    [ "pico:3V3", "bb1:59b.h", "", [ "$bb" ] ],
    [ "pico:3V3_EN", "bb1:60b.h", "", [ "$bb" ] ],
    [ "pico:GND.8", "bb1:61b.h", "", [ "$bb" ] ],
    [ "pico:VSYS", "bb1:62b.h", "", [ "$bb" ] ],
    [ "pico:VBUS", "bb1:63b.h", "", [ "$bb" ] ],
    [ "led1:A", "bb1:3t.a", "", [ "$bb" ] ],
    [ "led1:C", "bb1:2t.a", "", [ "$bb" ] ],
    [ "r1:1", "bb1:3t.b", "", [ "$bb" ] ],
    [ "r1:2", "bb1:3b.f", "", [ "$bb" ] ],
    [ "bz1:1", "bb1:13t.a", "", [ "$bb" ] ],
    [ "bz1:2", "bb1:14t.a", "", [ "$bb" ] ],
    [ "r2:1", "bb1:14t.b", "", [ "$bb" ] ],
    [ "r2:2", "bb1:14b.f", "", [ "$bb" ] ],
    [ "gas1:AOUT", "bb1:27t.a", "", [ "$bb" ] ],
    [ "gas1:DOUT", "bb1:26t.a", "", [ "$bb" ] ],
    [ "gas1:GND", "bb1:25t.a", "", [ "$bb" ] ],
    [ "gas1:VCC", "bb1:24t.a", "", [ "$bb" ] ],
    [ "bb1:24t.b", "bb1:bp.19", "red", [ "v0" ] ],
    [ "bb1:25t.b", "bb1:tn.25", "black", [ "v-163.2", "h58.4" ] ],
    [ "bb1:27t.b", "bb1:57b.i", "green", [ "v0" ] ]
  ],
  "dependencies": {}
}